<mujoco model="pnp_bottle">
    <compiler angle="degree" coordinate="local" />
    <option timestep="0.01" gravity="0 0 -9.81"/>

    <asset>
        <mesh name="bottle_vis" file="visual/water_bottle.stl" scale="0.001 0.001 0.001" />
        <mesh name="bottle_mesh" file="collision/water_bottle.stl" scale="0.001 0.001 0.001" />
        <material name="mat" rgba="0.2 0.5 0.8 1" specular="0.0" shininess="0.2"/>
    </asset>

    <worldbody>
        <body>
            <body name="object" pos="0 0 0">
                <geom solimp="0.998 0.998 0.001"
                      solref="0.001 1"
                      density="100"
                      friction="0.6 0.4 0.1"
                      type="mesh"
                      mesh="bottle_vis"
                      conaffinity="0"
                      contype="0"
                      group="1"
                      material="mat" />
                
                <geom name="bottle_geom"
                      type="mesh"
                      mesh="bottle_mesh"
                      rgba="0.2 0.5 0.8 1"
                      mass="0.3"
                      group="0"/>
            </body>

            <site name="bottom_site" pos="0 0 -0.03" size="0.005" rgba="0 0 0 0"/>
            <site name="top_site" pos="0 0 0.03" size="0.005" rgba="0 0 0 0"/>
            <site name="horizontal_radius_site" pos="0.04 0 0" size="0.005" rgba="0 0 0 0"/>
        </body>
    </worldbody>
</mujoco>
